{
  "0-0": 0.058823529411764705,
  "0-1": 0.058823529411764705,
  "0-2": 0.0625,
  "0-3": 0.058823529411764705,
  "1-0": 0.058823529411764705,
  "1-1": 0.0625,
  "1-2": 0.06666666666666667,
  "1-3": 0.0625,
  "2-0": 0.0625,
  "2-1": 0.06666666666666667,
  "2-2": 0.07142857142857142,
  "2-3": 0.06666666666666667,
  "3-0": 0.06666666666666667,
  "3-1": 0.07142857142857142,
  "3-2": 0.07692307692307693,
  "3-3": 0.07142857142857142,
  "4-0": 0.07142857142857142,
  "4-1": 0.07692307692307693,
  "4-2": 0.08333333333333333,
  "4-3": 0.07692307692307693,
  "5-0": 0.07692307692307693,
  "5-1": 0.08333333333333333,
  "5-2": 0.09090909090909091,
  "5-3": 0.08333333333333333,
  "6-0": 0.08333333333333333,
  "6-1": 0.09090909090909091,
  "6-2": 0.1,
  "6-3": 0.09090909090909091,
  "7-0": 0.0,
  "7-1": 0.0,
  "7-2": 0.0,
  "7-3": 0.0,
  "8-0": 0.09639,
  "8-1": 0.0,
  "8-2": 0.0,
  "8-3": 0.0,
  "9-0": 0.0,
  "9-1": 0.0,
  "9-2": 0.0,
  "9-3": 0.0,
  "10-0": 0.058823529411764705,
  "10-1": 0.058823529411764705,
  "10-2": 0.0625,
  "10-3": 0.058823529411764705,
  "11-0": 0.058823529411764705,
  "11-1": 0.0625,
  "11-2": 0.06666666666666667,
  "11-3": 0.0625,
  "12-0": 0.0,
  "12-1": 0.0,
  "12-2": 0.0,
  "12-3": 0.0,
  "13-0": 0.06666666666666667,
  "13-1": 0.07142857142857142,
  "13-2": 0.07692307692307693,
  "13-3": 0.07142857142857142,
  "14-0": 0.0,
  "14-1": 0.0,
  "14-2": 0.0,
  "14-3": 0.0,
  "15-0": 0.07692307692307693,
  "15-1": 0.08333333333333333,
  "15-2": 0.09090909090909091,
  "15-3": 0.08333333333333333,
  "16-0": 0.08333333333333333,
  "16-1": 0.09090909090909091,
  "16-2": 0.1,
  "16-3": 0.09090909090909091,
  "17-0": 0.0,
  "17-1": 0.0,
  "17-2": 0.0,
  "17-3": 0.0,
  "18-0": 0.08100000000000002,
  "18-1": 0.0,
  "18-2": 0.0,
  "18-3": 0.08762727272727273,
  "19-0": 0.0,
  "19-1": 0.0,
  "19-2": 0.0,
  "19-3": 0.0,
  "20-0": 0.058823529411764705,
  "20-1": 0.058823529411764705,
  "20-2": 0.0625,
  "20-3": 0.058823529411764705,
  "21-0": 0.058823529411764705,
  "21-1": 0.0625,
  "21-2": 0.06666666666666667,
  "21-3": 0.0625,
  "22-0": 0.0,
  "22-1": 0.0,
  "22-2": 0.0,
  "22-3": 0.0,
  "23-0": 0.06666666666666667,
  "23-1": 0.07142857142857142,
  "23-2": 0.07692307692307693,
  "23-3": 0.07142857142857142,
  "24-0": 0.07142857142857142,
  "24-1": 0.07692307692307693,
  "24-2": 0.08333333333333333,
  "24-3": 0.07692307692307693,
  "25-0": 0.0,
  "25-1": 0.0,
  "25-2": 0.0,
  "25-3": 0.0,
  "26-0": 0.08333333333333333,
  "26-1": 0.09090909090909091,
  "26-2": 0.1,
  "26-3": 0.09090909090909091,
  "27-0": 0.09090909090909091,
  "27-1": 0.09999999999999994,
  "27-2": 0.0909090909090909,
  "27-3": 0.1,
  "28-0": 0.0999999999999452,
  "28-1": 0.09090481401081818,
  "28-2": 0.08332941284324999,
  "28-3": 0.09028554545454545,
  "29-0": 0.07363636363636364,
  "29-1": 0.08331269917499999,
  "29-2": 0.0675,
  "29-3": 0.0,
  "30-0": 0.058823529411764705,
  "30-1": 0.058823529411764705,
  "30-2": 0.0625,
  "30-3": 0.058823529411764705,
  "31-0": 0.058823529411764705,
  "31-1": 0.0625,
  "31-2": 0.06666666666666667,
  "31-3": 0.0625,
  "32-0": 0.0625,
  "32-1": 0.06666666666666667,
  "32-2": 0.07142857142857142,
  "32-3": 0.06666666666666667,
  "33-0": 0.06666666666666667,
  "33-1": 0.07142857142857142,
  "33-2": 0.07692307692307693,
  "33-3": 0.07142857142857142,
  "34-0": 0.0,
  "34-1": 0.0,
  "34-2": 0.0,
  "34-3": 0.0,
  "35-0": 0.062307692307692314,
  "35-1": 0.08276175,
  "35-2": 0.09090481401081818,
  "35-3": 0.0832247325,
  "36-0": 0.08333330644269185,
  "36-1": 0.08762727272727273,
  "36-2": 0.1,
  "36-3": 0.09090906157384566,
  "37-0": 0.09090481401081818,
  "37-1": 0.1,
  "37-2": 0.09090827829841909,
  "37-3": 0.0999998301643696,
  "38-0": 0.08100000000000002,
  "38-1": 0.07363636363636364,
  "38-2": 0.08276175,
  "38-3": 0.09090906157384566,
  "39-0": 0.0,
  "39-1": 0.0,
  "39-2": 0.0,
  "39-3": 0.0,
  "40-0": 0.058823529411764705,
  "40-1": 0.058823529411764705,
  "40-2": 0.0625,
  "40-3": 0.058823529411764705,
  "41-0": 0.0,
  "41-1": 0.0,
  "41-2": 0.0,
  "41-3": 0.0,
  "42-0": 0.0625,
  "42-1": 0.06666666666666667,
  "42-2": 0.07142857142857142,
  "42-3": 0.06666666666666667,
  "43-0": 0.06666666666666667,
  "43-1": 0.07142857142857116,
  "43-2": 0.07692307692307693,
  "43-3": 0.07142857142857142,
  "44-0": 0.07142856704923838,
  "44-1": 0.07692307675282194,
  "44-2": 0.08333333333333333,
  "44-3": 0.07692307689072848,
  "45-0": 0.0769229462802843,
  "45-1": 0.08331269917499999,
  "45-2": 0.09090909090909091,
  "45-3": 0.08331269917499999,
  "46-0": 0.0,
  "46-1": 0.0,
  "46-2": 0.0,
  "46-3": 0.0,
  "47-0": 0.09090827829841909,
  "47-1": 0.1,
  "47-2": 0.09090893651306327,
  "47-3": 0.0993141,
  "48-0": 0.099999106128261,
  "48-1": 0.07363636363636364,
  "48-2": 0.0675,
  "48-3": 0.07363636363636364,
  "49-0": 0.07363636363636364,
  "49-1": 0.0,
  "49-2": 0.0,
  "49-3": 0.0,
  "50-0": 0.058823529411764705,
  "50-1": 0.058823529411764705,
  "50-2": 0.0625,
  "50-3": 0.058823529411764705,
  "51-0": 0.058823529411764705,
  "51-1": 0.06249999999500621,
  "51-2": 0.06666666666647438,
  "51-3": 0.06249999999981973,
  "52-0": 0.062499999271935884,
  "52-1": 0.06666666666666665,
  "52-2": 0.07142857142748706,
  "52-3": 0.06666655344291306,
  "53-0": 0.0,
  "53-1": 0.0,
  "53-2": 0.0,
  "53-3": 0.0,
  "54-0": 0.07141088500714285,
  "54-1": 0.07639546153846154,
  "54-2": 0.0,
  "54-3": 0.07691945800915385,
  "55-0": 0.07414615384615385,
  "55-1": 0.0,
  "55-2": 0.09088658091818182,
  "55-3": 0.0675,
  "56-0": 0.08276175,
  "56-1": 0.07363636363636364,
  "56-2": 0.099869679,
  "56-3": 0.08762727272727273,
  "57-0": 0.09088658091818182,
  "57-1": 0.1,
  "57-2": 0.09090481401081818,
  "57-3": 0.09639,
  "58-0": 0.0,
  "58-1": 0.0,
  "58-2": 0.0,
  "58-3": 0.0,
  "59-0": 0.0,
  "59-1": 0.0,
  "59-2": 0.0,
  "59-3": 0.0,
  "60-0": 0.0,
  "60-1": 0.0,
  "60-2": 0.0,
  "60-3": 0.0,
  "61-0": 0.058808964123529414,
  "61-1": 0.0624970596324375,
  "61-2": 0.0666635302746,
  "61-3": 0.050625,
  "62-0": 0.062418549375,
  "62-1": 0.06665015934,
  "62-2": 0.07142854837945015,
  "62-3": 0.06666666257928916,
  "63-0": 0.0,
  "63-1": 0.0,
  "63-2": 0.0,
  "63-3": 0.0,
  "64-0": 0.07093864285714285,
  "64-1": 0.0,
  "64-2": 0.0,
  "64-3": 0.0,
  "65-0": 0.0,
  "65-1": 0.0,
  "65-2": 0.0,
  "65-3": 0.0,
  "66-0": 0.0,
  "66-1": 0.0,
  "66-2": 0.0,
  "66-3": 0.0,
  "67-0": 0.09088658091818182,
  "67-1": 0.1,
  "67-2": 0.09088658091818182,
  "67-3": 0.09999996773123022,
  "68-0": 0.0,
  "68-1": 0.07363636363636364,
  "68-2": 0.08276175,
  "68-3": 0.07363636363636364,
  "69-0": 0.0,
  "69-1": 0.0,
  "69-2": 0.0,
  "69-3": 0.0,
  "70-0": 0.0,
  "70-1": 0.0,
  "70-2": 0.0,
  "70-3": 0.0,
  "71-0": 0.0,
  "71-1": 0.0,
  "71-2": 0.0,
  "71-3": 0.0,
  "72-0": 0.050625,
  "72-1": 0.054,
  "72-2": 0.07093864285714285,
  "72-3": 0.0,
  "73-0": 0.0,
  "73-1": 0.05785714285714286,
  "73-2": 0.0,
  "73-3": 0.06885,
  "74-0": 0.0,
  "74-1": 0.0,
  "74-2": 0.0,
  "74-3": 0.0,
  "75-0": 0.0,
  "75-1": 0.0,
  "75-2": 0.0,
  "75-3": 0.0,
  "76-0": 0.080325,
  "76-1": 0.0,
  "76-2": 0.0,
  "76-3": 0.0,
  "77-0": 0.08762727272727273,
  "77-1": 0.09997523901000001,
  "77-2": 0.09079061727272728,
  "77-3": 0.09999999999999994,
  "78-0": 0.0,
  "78-1": 0.0,
  "78-2": 0.0,
  "78-3": 0.0,
  "79-0": 0.0,
  "79-1": 0.0,
  "79-2": 0.0,
  "79-3": 0.0,
  "80-0": 0.0,
  "80-1": 0.0,
  "80-2": 0.0,
  "80-3": 0.0,
  "81-0": 0.0,
  "81-1": 0.0,
  "81-2": 0.0,
  "81-3": 0.0,
  "82-0": 0.0,
  "82-1": 0.0,
  "82-2": 0.0,
  "82-3": 0.0,
  "83-0": 0.054,
  "83-1": 0.0,
  "83-2": 0.0,
  "83-3": 0.0,
  "84-0": 0.0,
  "84-1": 0.0,
  "84-2": 0.0,
  "84-3": 0.0,
  "85-0": 0.0,
  "85-1": 0.0,
  "85-2": 0.0,
  "85-3": 0.0,
  "86-0": 0.0675,
  "86-1": 0.0,
  "86-2": 0.0,
  "86-3": 0.0,
  "87-0": 0.16863636363636364,
  "87-1": 0.9993483950000001,
  "87-2": 0.5,
  "87-3": 0.5,
  "88-0": 0.0,
  "88-1": 0.0,
  "88-2": 0.0,
  "88-3": 0.0,
  "89-0": 0.0,
  "89-1": 0.0,
  "89-2": 0.0,
  "89-3": 0.0,
  "90-0": 0.0,